{"rs11465384": {"GG": 0, "GA": 0.3333333333333333, "AA": 0.6666666666666666, "AG": 1.0}, "rs12436555": {"GA": 0, "AG": 0.25, "--": 0.5, "GG": 0.75, "AA": 1.0}, "rs17036001": {"GG": 0, "GA": 0.25, "AA": 0.5, "AG": 0.75, "--": 1.0}, "rs17281703": {"GA": 0, "AG": 0.25, "--": 0.5, "GG": 0.75, "AA": 1.0}, "rs2236350": {"CC": 0, "CA": 0.25, "--": 0.5, "AC": 0.75, "AA": 1.0}, "rs3024509": {"GG": 0, "GA": 0.25, "AA": 0.5, "AG": 0.75, "--": 1.0}, "rs3802813": {"GG": 0, "GA": 0.25, "AA": 0.5, "AG": 0.75, "--": 1.0}, "rs41265961": {"GG": 0, "GA": 0.25, "AA": 0.5, "AG": 0.75, "--": 1.0}, "rs4252314": {"GG": 0, "GA": 0.3333333333333333, "AA": 0.6666666666666666, "AG": 1.0}, "rs4256246": {"GA": 0, "AG": 0.25, "--": 0.5, "GG": 0.75, "AA": 1.0}, "rs4648184": {"TT": 0, "AA": 0.25, "TA": 0.5, "AT": 0.75, "--": 1.0}, "rs7011101": {"CC": 0, "CA": 0.25, "--": 0.5, "AC": 0.75, "AA": 1.0}}