{"rs17256081": {"AA": 0, "TT": 0.1111111111111111, "C": 0.2222222222222222, "CT": 0.3333333333333333, "T": 0.4444444444444444, "--": 0.5555555555555556, "AG": 0.6666666666666667, "CC": 0.7777777777777779, "TC": 0.8888888888888891, "GG": 1.0000000000000002}, "rs2069718": {"AA": 0, "AG": 0.3333333333333333, "GA": 0.6666666666666666, "GG": 1.0}, "rs2069727": {"AA": 0, "TT": 0.14285714285714285, "CT": 0.2857142857142857, "--": 0.42857142857142855, "AG": 0.5714285714285714, "CC": 0.7142857142857142, "TC": 0.857142857142857, "GG": 0.9999999999999998}, "rs2070729": {"CA": 0, "AA": 0.25, "AC": 0.5, "--": 0.75, "CC": 1.0}, "rs2072137": {"AA": 0, "TT": 0.14285714285714285, "CT": 0.2857142857142857, "--": 0.42857142857142855, "AG": 0.5714285714285714, "CC": 0.7142857142857142, "TC": 0.857142857142857, "GG": 0.9999999999999998}, "rs2072138": {"GC": 0, "--": 0.25, "CG": 0.5, "CC": 0.75, "GG": 1.0}, "rs2240188": {"AA": 0, "TT": 0.14285714285714285, "CT": 0.2857142857142857, "--": 0.42857142857142855, "AG": 0.5714285714285714, "CC": 0.7142857142857142, "TC": 0.857142857142857, "GG": 0.9999999999999998}, "rs303212": {"AA": 0, "TT": 0.14285714285714285, "CT": 0.2857142857142857, "--": 0.42857142857142855, "AG": 0.5714285714285714, "CC": 0.7142857142857142, "TC": 0.857142857142857, "GG": 0.9999999999999998}, "rs3737399": {"AA": 0, "TT": 0.14285714285714285, "CT": 0.2857142857142857, "--": 0.42857142857142855, "AG": 0.5714285714285714, "CC": 0.7142857142857142, "TC": 0.857142857142857, "GG": 0.9999999999999998}, "rs3911403": {"AA": 0, "TA": 0.25, "AT": 0.5, "--": 0.75, "TT": 1.0}, "rs4251580": {"AA": 0, "TT": 0.14285714285714285, "CT": 0.2857142857142857, "--": 0.42857142857142855, "AG": 0.5714285714285714, "CC": 0.7142857142857142, "TC": 0.857142857142857, "GG": 0.9999999999999998}, "rs4988457": {"GC": 0, "CG": 0.3333333333333333, "CC": 0.6666666666666666, "GG": 1.0}}