{"rs10108662": {"AC": 0, "AA": 0.25, "CA": 0.5, "CC": 0.75, "--": 1.0}, "rs1049253": {"--": 0, "AG": 0.25, "AA": 0.5, "GG": 0.75, "GA": 1.0}, "rs1050008": {"--": 0, "AG": 0.25, "AA": 0.5, "GG": 0.75, "GA": 1.0}, "rs1051070": {"TT": 0, "AT": 0.3333333333333333, "TA": 0.6666666666666666, "AA": 1.0}, "rs10789166": {"AG": 0, "AA": 0.3333333333333333, "GG": 0.6666666666666666, "GA": 1.0}, "rs10824793": {"AG": 0, "AA": 0.3333333333333333, "GG": 0.6666666666666666, "GA": 1.0}, "rs10932035": {"AG": 0, "AA": 0.3333333333333333, "GG": 0.6666666666666666, "GA": 1.0}, "rs11246062": {"CC": 0, "CG": 0.3333333333333333, "GC": 0.6666666666666666, "GG": 1.0}, "rs1129055": {"--": 0, "AG": 0.25, "AA": 0.5, "GG": 0.75, "GA": 1.0}, "rs11465384": {"AG": 0, "AA": 0.3333333333333333, "GG": 0.6666666666666666, "GA": 1.0}, "rs11569345": {"AG": 0, "GG": 0.5, "GA": 1.0}, "rs11883722": {"--": 0, "AG": 0.25, "AA": 0.5, "GG": 0.75, "GA": 1.0}, "rs11914": {"CC": 0, "AC": 0.3333333333333333, "AA": 0.6666666666666666, "CA": 1.0}, "rs12135754": {"CC": 0, "AC": 0.25, "AA": 0.5, "CA": 0.75, "--": 1.0}, "rs12340866": {"--": 0, "AG": 0.25, "AA": 0.5, "GG": 0.75, "GA": 1.0}, "rs12436555": {"--": 0, "AG": 0.25, "AA": 0.5, "GG": 0.75, "GA": 1.0}, "rs12609318": {"--": 0, "AG": 0.25, "AA": 0.5, "GG": 0.75, "GA": 1.0}, "rs12693591": {"CC": 0, "AC": 0.3333333333333333, "AA": 0.6666666666666666, "CA": 1.0}, "rs12712526": {"--": 0, "AG": 0.25, "AA": 0.5, "GG": 0.75, "GA": 1.0}, "rs1599796": {"--": 0, "AG": 0.25, "AA": 0.5, "GG": 0.75, "GA": 1.0}, "rs16829980": {"--": 0, "AG": 0.25, "AA": 0.5, "GG": 0.75, "GA": 1.0}, "rs16829984": {"CC": 0, "CG": 0.3333333333333333, "GC": 0.6666666666666666, "GG": 1.0}, "rs16923189": {"--": 0, "AG": 0.25, "AA": 0.5, "GG": 0.75, "GA": 1.0}, "rs17036001": {"--": 0, "AG": 0.25, "AA": 0.5, "GG": 0.75, "GA": 1.0}, "rs17281703": {"--": 0, "AG": 0.25, "AA": 0.5, "GG": 0.75, "GA": 1.0}, "rs17468739": {"CC": 0, "AC": 0.3333333333333333, "AA": 0.6666666666666666, "CA": 1.0}, "rs17715343": {"CC": 0, "CG": 0.3333333333333333, "GC": 0.6666666666666666, "GG": 1.0}, "rs1800871": {"--": 0, "AG": 0.25, "AA": 0.5, "GG": 0.75, "GA": 1.0}, "rs1838066": {"--": 0, "AG": 0.25, "AA": 0.5, "GG": 0.75, "GA": 1.0}, "rs187084": {"AG": 0, "AA": 0.3333333333333333, "GG": 0.6666666666666666, "GA": 1.0}, "rs2010549": {"--": 0, "CG": 0.25, "CC": 0.5, "GC": 0.75, "GG": 1.0}, "rs2069187": {"--": 0, "AG": 0.25, "AA": 0.5, "GG": 0.75, "GA": 1.0}, "rs2070845": {"--": 0, "AG": 0.25, "AA": 0.5, "GG": 0.75, "GA": 1.0}, "rs2072136": {"--": 0, "AG": 0.25, "AA": 0.5, "GG": 0.75, "GA": 1.0}, "rs2226299": {"--": 0, "AG": 0.25, "AA": 0.5, "GG": 0.75, "GA": 1.0}, "rs2229113": {"--": 0, "AG": 0.25, "AA": 0.5, "GG": 0.75, "GA": 1.0}, "rs2230587": {"--": 0, "AG": 0.25, "AA": 0.5, "GG": 0.75, "GA": 1.0}, "rs2236338": {"--": 0, "AG": 0.25, "AA": 0.5, "GG": 0.75, "GA": 1.0}, "rs2236350": {"AC": 0, "AA": 0.25, "CA": 0.5, "CC": 0.75, "--": 1.0}, "rs2239657": {"--": 0, "AG": 0.25, "AA": 0.5, "GG": 0.75, "GA": 1.0}, "rs2254958": {"--": 0, "AG": 0.25, "AA": 0.5, "GG": 0.75, "GA": 1.0}, "rs2273844": {"--": 0, "AG": 0.25, "AA": 0.5, "GG": 0.75, "GA": 1.0}, "rs2288249": {"--": 0, "AG": 0.25, "AA": 0.5, "GG": 0.75, "GA": 1.0}, "rs2288320": {"CC": 0, "AC": 0.3333333333333333, "AA": 0.6666666666666666, "CA": 1.0}, "rs2292151": {"--": 0, "AG": 0.25, "AA": 0.5, "GG": 0.75, "GA": 1.0}, "rs2297137": {"--": 0, "AG": 0.25, "AA": 0.5, "GG": 0.75, "GA": 1.0}, "rs2304207": {"CC": 0, "CG": 0.3333333333333333, "GC": 0.6666666666666666, "GG": 1.0}, "rs2681417": {"AG": 0, "AA": 0.3333333333333333, "GG": 0.6666666666666666, "GA": 1.0}, "rs268598": {"AG": 0, "AA": 0.3333333333333333, "GG": 0.6666666666666666, "GA": 1.0}, "rs268600": {"AG": 0, "GG": 0.25, "AA": 0.5, "--": 0.75, "GA": 1.0}, "rs2705901": {"CC": 0, "CG": 0.3333333333333333, "GC": 0.6666666666666666, "GG": 1.0}, "rs2720378": {"--": 0, "CG": 0.25, "CC": 0.5, "GC": 0.75, "GG": 1.0}, "rs28360475": {"--": 0, "AG": 0.25, "AA": 0.5, "GG": 0.75, "GA": 1.0}, "rs28383793": {"--": 0, "AG": 0.25, "AA": 0.5, "GG": 0.75, "GA": 1.0}, "rs3024509": {"AG": 0, "GG": 0.25, "AA": 0.5, "--": 0.75, "GA": 1.0}, "rs303211": {"AG": 0, "AA": 0.3333333333333333, "GG": 0.6666666666666666, "GA": 1.0}, "rs310244": {"--": 0, "AG": 0.25, "AA": 0.5, "GG": 0.75, "GA": 1.0}, "rs3116494": {"--": 0, "AG": 0.25, "AA": 0.5, "GG": 0.75, "GA": 1.0}, "rs3135932": {"AG": 0, "AA": 0.3333333333333333, "GG": 0.6666666666666666, "GA": 1.0}, "rs3213546": {"--": 0, "CG": 0.25, "CC": 0.5, "GC": 0.75, "GG": 1.0}, "rs35069510": {"--": 0, "AG": 0.25, "AA": 0.5, "GG": 0.75, "GA": 1.0}, "rs3739319": {"--": 0, "AG": 0.25, "AA": 0.5, "GG": 0.75, "GA": 1.0}, "rs3760396": {"--": 0, "CG": 0.25, "CC": 0.5, "GC": 0.75, "GG": 1.0}, "rs3765457": {"AG": 0, "AA": 0.3333333333333333, "GG": 0.6666666666666666, "GA": 1.0}, "rs3765459": {"--": 0, "AG": 0.25, "AA": 0.5, "GG": 0.75, "GA": 1.0}, "rs3770768": {"AG": 0, "AA": 0.3333333333333333, "GG": 0.6666666666666666, "GA": 1.0}, "rs3775296": {"AC": 0, "AA": 0.25, "CA": 0.5, "CC": 0.75, "--": 1.0}, "rs3780379": {"--": 0, "AG": 0.25, "AA": 0.5, "GG": 0.75, "GA": 1.0}, "rs3802813": {"--": 0, "AG": 0.25, "AA": 0.5, "GG": 0.75, "GA": 1.0}, "rs3802814": {"--": 0, "AG": 0.25, "AA": 0.5, "GG": 0.75, "GA": 1.0}, "rs41265961": {"--": 0, "AG": 0.25, "AA": 0.5, "GG": 0.75, "GA": 1.0}, "rs4143815": {"--": 0, "CG": 0.25, "CC": 0.5, "GC": 0.75, "GG": 1.0}, "rs4251460": {"AC": 0, "AA": 0.25, "CA": 0.5, "CC": 0.75, "--": 1.0}, "rs4251545": {"AG": 0, "AA": 0.3333333333333333, "GG": 0.6666666666666666, "GA": 1.0}, "rs4252249": {"--": 0, "AG": 0.25, "AA": 0.5, "GG": 0.75, "GA": 1.0}, "rs4252314": {"AG": 0, "AA": 0.3333333333333333, "GG": 0.6666666666666666, "GA": 1.0}, "rs4256246": {"--": 0, "AG": 0.25, "AA": 0.5, "GG": 0.75, "GA": 1.0}, "rs4648184": {"TT": 0, "AT": 0.25, "TA": 0.5, "AA": 0.75, "--": 1.0}, "rs4648186": {"--": 0, "AG": 0.25, "AA": 0.5, "GG": 0.75, "GA": 1.0}, "rs4670185": {"AG": 0, "GG": 0.25, "AA": 0.5, "--": 0.75, "GA": 1.0}, "rs467593": {"--": 0, "AG": 0.25, "AA": 0.5, "GG": 0.75, "GA": 1.0}, "rs467639": {"TT": 0, "AT": 0.25, "TA": 0.5, "AA": 0.75, "--": 1.0}, "rs469390": {"AG": 0, "AA": 0.3333333333333333, "GG": 0.6666666666666666, "GA": 1.0}, "rs4804801": {"TT": 0, "AT": 0.25, "TA": 0.5, "AA": 0.75, "--": 1.0}, "rs4804802": {"--": 0, "AG": 0.25, "AA": 0.5, "GG": 0.75, "GA": 1.0}, "rs4916004": {"AG": 0, "AA": 0.3333333333333333, "GG": 0.6666666666666666, "GA": 1.0}, "rs4963271": {"--": 0, "AG": 0.25, "AA": 0.5, "GG": 0.75, "GA": 1.0}, "rs4969168": {"--": 0, "AG": 0.25, "AA": 0.5, "GG": 0.75, "GA": 1.0}, "rs4988457": {"CC": 0, "CG": 0.3333333333333333, "GC": 0.6666666666666666, "GG": 1.0}, "rs5030419": {"--": 0, "CG": 0.25, "CC": 0.5, "GC": 0.75, "GG": 1.0}, "rs533259": {"--": 0, "AG": 0.25, "AA": 0.5, "GG": 0.75, "GA": 1.0}, "rs558705": {"--": 0, "AG": 0.25, "AA": 0.5, "GG": 0.75, "GA": 1.0}, "rs627928": {"AC": 0, "AA": 0.25, "CA": 0.5, "CC": 0.75, "--": 1.0}, "rs6701046": {"--": 0, "AG": 0.25, "AA": 0.5, "GG": 0.75, "GA": 1.0}, "rs6853": {"AG": 0, "AA": 0.3333333333333333, "GG": 0.6666666666666666, "GA": 1.0}, "rs7011101": {"AC": 0, "AA": 0.25, "CA": 0.5, "CC": 0.75, "--": 1.0}}