{"rs10932035": {"AG": 0, "GA": 0.3333333333333333, "AA": 0.6666666666666666, "GG": 1.0}, "rs11465384": {"AG": 0, "GA": 0.3333333333333333, "AA": 0.6666666666666666, "GG": 1.0}, "rs11569345": {"AG": 0, "GA": 0.5, "GG": 1.0}, "rs12135754": {"AA": 0, "AC": 0.25, "--": 0.5, "CC": 0.75, "CA": 1.0}, "rs12436555": {"AG": 0, "GA": 0.25, "AA": 0.5, "--": 0.75, "GG": 1.0}, "rs17036001": {"AG": 0, "GA": 0.25, "AA": 0.5, "--": 0.75, "GG": 1.0}, "rs17281703": {"AG": 0, "GA": 0.25, "AA": 0.5, "--": 0.75, "GG": 1.0}, "rs2236350": {"AA": 0, "CC": 0.25, "CA": 0.5, "AC": 0.75, "--": 1.0}, "rs2304207": {"CC": 0, "CG": 0.3333333333333333, "GG": 0.6666666666666666, "GC": 1.0}, "rs268598": {"AG": 0, "GA": 0.3333333333333333, "AA": 0.6666666666666666, "GG": 1.0}, "rs268600": {"AG": 0, "GA": 0.25, "AA": 0.5, "--": 0.75, "GG": 1.0}, "rs28383793": {"AG": 0, "GA": 0.25, "AA": 0.5, "--": 0.75, "GG": 1.0}, "rs3024509": {"AG": 0, "GA": 0.25, "AA": 0.5, "--": 0.75, "GG": 1.0}, "rs3765457": {"AG": 0, "GA": 0.3333333333333333, "AA": 0.6666666666666666, "GG": 1.0}, "rs3770768": {"AG": 0, "GA": 0.3333333333333333, "AA": 0.6666666666666666, "GG": 1.0}, "rs3802813": {"AG": 0, "GA": 0.25, "AA": 0.5, "--": 0.75, "GG": 1.0}, "rs41265961": {"AG": 0, "GA": 0.25, "AA": 0.5, "--": 0.75, "GG": 1.0}, "rs4252314": {"AG": 0, "GA": 0.3333333333333333, "AA": 0.6666666666666666, "GG": 1.0}, "rs4256246": {"AG": 0, "GA": 0.25, "AA": 0.5, "--": 0.75, "GG": 1.0}, "rs4648184": {"AA": 0, "AT": 0.25, "TA": 0.5, "--": 0.75, "TT": 1.0}, "rs4648186": {"AG": 0, "GA": 0.25, "AA": 0.5, "--": 0.75, "GG": 1.0}, "rs4670185": {"AG": 0, "GA": 0.25, "AA": 0.5, "--": 0.75, "GG": 1.0}, "rs4916004": {"AG": 0, "GA": 0.3333333333333333, "AA": 0.6666666666666666, "GG": 1.0}, "rs533259": {"AG": 0, "GA": 0.25, "AA": 0.5, "--": 0.75, "GG": 1.0}, "rs7011101": {"AA": 0, "CC": 0.25, "CA": 0.5, "AC": 0.75, "--": 1.0}}